Id,BIRTHDATE,DEATHDATE,SSN,DRIVERS,PASSPORT,PREFIX,FIRST,MIDDLE,LAST,SUFFIX,MAIDEN,MARITAL,RACE,ETHNICITY,GENDER,BIRTHPLACE,ADDRESS,CITY,STATE,COUNTY,FIPS,ZIP,LAT,LON,HEALTHCARE_EXPENSES,HEALTHCARE_COVERAGE,INCOME,is_alive,age,is_in_age_range
7cd8a8ad-746b-549e-e70d-0c0feb8ebc69,1977-03-26,,999-44-6098,S99984812,X13556364X,Mr.,Abel832,Kip442,Wolff180,,,M,white,nonhispanic,M,Barnstable  Massachusetts  US,836 Trantow Alley Apt 1,Lawrence,Massachusetts,Essex County,25009,01840,42.714452989877024,-71.11635245655867,385692.86,386366.59,49089,True,48.98015058179329,True
92683f03-a77a-0f78-b618-266ad9a301be,1947-10-05,,999-73-3704,S99922086,X87581797X,Mr.,Agustín529,Teodoro374,Malave728,,,S,white,hispanic,M,Gaudalajara  Jalisco  MX,535 McClure Course,Athol,Massachusetts,Worcester County,25027,01331,42.58284486157586,-72.23388897204286,161918.38,100578.49,33778,True,78.45311430527036,True
d9cb8493-3e3a-a1ea-3462-3171a027da8c,1975-11-05,,999-67-4853,S99929026,X35554777X,Mr.,Alden634,Samual455,Rutherford999,,,S,white,nonhispanic,M,Saugus  Massachusetts  US,678 Strosin Station,Attleboro,Massachusetts,Bristol County,44007,02861,41.937023596723606,-71.2575283736891,24135.82,517220.70,18896,True,50.36824093086927,True
274413e8-c95f-c321-f0f9-64e5ce1b6a1a,1964-10-09,,999-93-9350,S99985119,X12226328X,Ms.,Alexa171,,Nicolas769,,,S,black,nonhispanic,F,Upton  Massachusetts  US,770 Jast Port Apt 51,Milford,Massachusetts,Worcester County,25027,01757,42.15346700187044,-71.57135979028433,16385.48,498936.93,8732,True,61.440109514031484,True
61f0d3ca-b4c9-52e3-eef6-e52d42080cdd,1971-03-10,,999-45-1720,S99964398,X83073000X,Mrs.,Ana972,Marcia467,Jacobs452,,Nikolaus26,M,white,nonhispanic,F,North Westport  Massachusetts  US,140 Cremin Forge,Everett,Massachusetts,Middlesex County,25017,02149,42.45488241408051,-71.06342593357891,197889.69,867235.37,29507,True,55.02532511978097,True
affb0758-feb8-4754-2fc9-15b54d6b398b,1954-11-23,,999-51-9321,S99987148,X21316501X,Mrs.,Analisa263,,Cruickshank494,,Connelly992,M,white,nonhispanic,F,Lynnfield  Massachusetts  US,725 Schmidt Trace Suite 84,Norwell,Massachusetts,Plymouth County,,00000,42.13108357165994,-70.82250059748779,201837.57,1743867.74,632512,True,71.31827515400411,True
05880a71-6004-727f-a81b-85a1508160a5,1972-11-19,,999-75-5135,S99977976,X38061335X,Ms.,Angelic427,,West559,,,S,black,nonhispanic,F,Lowell  Massachusetts  US,826 Monahan Lock,Boston,Massachusetts,Suffolk County,25017,02467,42.365348405526476,-71.02813454697036,304257.41,636632.07,196217,True,53.327857631759066,True
45a26c1a-25cc-7898-f858-84d05f2d79e0,1949-08-01,,999-18-3541,S99929864,X41619472X,Mrs.,Angie214,Vanna750,Rodriguez71,,Buckridge80,D,white,nonhispanic,F,Worcester  Massachusetts  US,730 Kuvalis View Unit 13,North Scituate,Massachusetts,Plymouth County,25023,02060,42.25630915443522,-70.71682887647938,13765.69,504233.62,11829,True,76.62970568104038,True
08a12ee7-a852-94d4-61fd-b2e16b209205,1947-06-02,,999-71-2136,S99931593,X62046945X,Mr.,Aron520,Sid118,Brekke496,,,M,white,nonhispanic,M,Acushnet  Massachusetts  US,568 Kunde Divide,Pembroke,Massachusetts,Plymouth County,,00000,42.10476327019438,-70.8519575113763,14226.61,254063.50,22006,True,78.79534565366187,True
2133cc41-d2d7-9f54-a5bd-346b5709303b,1974-01-11,,999-30-6059,S99965409,X41805871X,Ms.,Athena83,,Schmeler639,,,S,white,hispanic,F,Cambridge  Massachusetts  US,1012 Keeling Estate Apt 40,Ludlow,Massachusetts,Hampden County,,00000,42.13853438090723,-72.47116668109169,743432.37,639387.14,40680,True,52.18343600273785,True
dd26b5b1-149f-b3a0-742b-a7f252d39c84,1949-09-01,,999-48-9774,S99936251,X16024377X,Mr.,Augustus49,Mohamed943,Herzog843,,,M,white,nonhispanic,M,Worcester  Massachusetts  US,636 Keeling Crossroad Unit 18,Gloucester,Massachusetts,Essex County,25009,01930,42.642928323883346,-70.70281807210336,102660.74,184259.32,38729,True,76.5448323066393,True
0c77f232-d1be-55d2-ceba-2cb48e99c48a,1979-01-07,,999-59-4607,S99998247,X3153294X,Mr.,Avery919,Clifton91,Gislason620,,,S,other,nonhispanic,M,Brockton  Massachusetts  US,100 Armstrong Mission Unit 36,Boston,Massachusetts,Suffolk County,25025,02113,42.29003408633601,-71.06579505346932,149486.01,18263.30,58259,True,47.19507186858316,True
7330dd69-c250-52af-f206-0cd7b6e4574f,1952-11-09,,999-33-9373,S99911502,X23484624X,Ms.,Babara869,Adrianne466,Shields502,,,S,white,nonhispanic,F,Brockton  Massachusetts  US,841 King Ferry,Topsfield,Massachusetts,Essex County,25009,01983,42.63359282265269,-70.96486570328113,1049284.87,602220.94,89924,True,73.35523613963039,True
fed64d56-eb2b-f7ca-a790-c8b99d9af7dc,1979-12-15,,999-85-2668,S99970255,X79488761X,Mr.,Benjamín452,,Banda20,,,D,white,hispanic,M,Buenos Aires  Ciudad de Buenos Aires  AR,527 Harber Road,Longmeadow,Massachusetts,Hampden County,25013,01106,42.077688479213016,-72.60059661920876,56190.39,99356.88,591726,True,46.25872689938399,True
d460615c-a77a-1f95-5ca4-2ba9548f6922,1986-06-02,,999-26-3388,S99929952,X70118693X,Mr.,Bernardo699,Joaquín233,Soto31,,,D,white,hispanic,M,San Juan  Puerto Rico  PR,1055 Weber Center Unit 18,Lawrence,Massachusetts,Essex County,25009,01841,42.64744784307565,-71.18148688013848,53243.42,36600.59,55206,True,39.794661190965094,True
7d6c2400-3ef0-bb06-b53d-a0861ade529f,1949-09-11,,999-77-2673,S99974483,X89415473X,Mr.,Bernie827,,Turcotte120,,,S,white,nonhispanic,M,Chelmsford  Massachusetts  US,955 Barrows Dam,Weymouth,Massachusetts,Norfolk County,25021,02190,42.27710880614679,-70.95863554121613,98786.01,191277.13,171481,True,76.51745379876797,True
e06bee2d-737c-cada-c8cd-fcee1773b6d8,1967-11-01,,999-33-6193,S99932949,X25233468X,Mr.,Berry486,Harry448,Murphy561,,,S,asian,nonhispanic,M,North Westport  Massachusetts  US,402 Thompson Esplanade,Lowell,Massachusetts,Middlesex County,25017,01852,42.59120165428644,-71.34971844373689,173937.88,104397.98,91728,True,58.379192334017795,True
8e4c62c5-a5b8-a661-7c26-8e13bb9c3bac,1961-05-27,,999-20-3265,S99958721,X4881538X,Mr.,Bradford382,,Hane680,,,D,white,nonhispanic,M,Freetown  Massachusetts  US,639 Macejkovic Annex Unit 45,Boston,Massachusetts,Suffolk County,25025,02126,42.41402373139568,-71.01639260272832,118963.60,153202.35,186023,True,64.8104038329911,True
983c33d5-6785-8ad6-be9d-92747a356050,1957-06-20,,999-93-2951,S99990488,X80005181X,Mr.,Brandon214,,Fadel536,,,M,black,hispanic,M,West Springfield  Massachusetts  US,498 Yost Walk Unit 36,Boston,Massachusetts,Suffolk County,25025,02114,42.35543932017031,-71.01045375723741,104945.28,290704.63,69306,True,68.74469541409994,True
f4c88f10-92bd-a844-1fdd-fadba2c345ec,1946-05-10,,999-16-5813,S99920841,X51076349X,Mr.,Brian582,Marcos263,DuBuque211,,,S,black,nonhispanic,M,Amherst  Massachusetts  US,911 Carroll Junction,Norwood,Massachusetts,Norfolk County,25021,02090,42.18405530610473,-71.23538247066756,316200.03,1323827.17,125008,True,79.85763175906914,True
a44a00bb-6de8-9d97-ca28-2f0205354129,1951-01-30,,999-70-8455,S99945610,X5432176X,Mr.,Britt177,Oscar384,Mante251,,,M,white,nonhispanic,M,Fall River  Massachusetts  US,503 Kunde Glen Apt 39,Shelburne,Massachusetts,Franklin County,,00000,42.57958084948809,-72.67147429975843,158371.76,294677.68,98066,True,75.13210130047912,True
19266681-156c-f1ac-d96a-72913565faec,1983-01-04,,999-32-1204,S99954057,X51856827X,Mr.,Britt177,Richard937,Klein929,,,S,white,nonhispanic,M,Middleborough Center  Massachusetts  US,226 Kshlerin Bypass Suite 4,Ayer,Massachusetts,Middlesex County,25027,01434,42.57708333868405,-71.62008416083161,14276.35,309157.53,10377,True,43.20328542094456,True
9086fd3b-df11-ed9b-9525-8806c92bf2d9,1947-08-08,,999-68-9684,S99925907,X75145526X,Mr.,Bryon392,,Kohler843,,,D,white,nonhispanic,M,Burlington  Massachusetts  US,630 Wolf Row,Andover,Massachusetts,Essex County,25009,01810,42.68531899340519,-71.15484906599318,184995.93,117706.81,104852,True,78.61190965092402,True
bcf7f2d3-0e56-f9d2-3825-019438917116,1947-06-13,,999-92-8900,S99933885,X70855642X,Mr.,Bud153,,McCullough561,,,D,white,nonhispanic,M,Lynn  Massachusetts  US,576 Jones Bay Apt 19,Littleton,Massachusetts,Middlesex County,,00000,42.52363883257779,-71.47001013088027,390190.58,212854.38,82518,True,78.76522929500342,True
70e44767-d5b0-c134-d622-37f277cea9f6,1946-06-14,,999-89-4872,S99983980,X28033875X,Mrs.,Caitlyn56,Cristy798,Waelchi213,,Abernathy524,D,white,hispanic,F,Danvers  Massachusetts  US,727 Smitham Crossroad,Groveland,Massachusetts,Essex County,,00000,42.7596314445457,-71.03320508708748,505671.89,137108.59,84083,True,79.76180698151951,True
f0af24ba-22df-a2a6-ca80-9814fb6febff,1958-01-25,,999-17-4968,S99931469,X26638097X,Mr.,Caleb651,Mitchell808,Wiza601,,,S,white,hispanic,M,Swansea  Massachusetts  US,150 Watsica Dam,Agawam,Massachusetts,Hampden County,25013,01030,42.119665041008176,-72.69659106495038,486217.93,384529.86,58325,True,68.145106091718,True
baf5404a-df8f-5bb0-c64f-11c0bc15b895,1956-12-08,,999-64-1549,S99964067,X44713197X,Mr.,Carlton317,,Runolfsdottir785,,,M,white,nonhispanic,M,Mansfield  Massachusetts  US,399 Upton Crossroad,Lowell,Massachusetts,Middlesex County,25017,01850,42.67442359656453,-71.28076965063019,329282.76,670141.01,47875,True,69.27583846680356,True
dce95b4d-c37e-9380-2c3c-4b2068e5d693,1973-08-11,,999-13-6524,S99919007,X66905239X,Mr.,Carter549,Booker670,Schmeler639,,,S,white,nonhispanic,M,Lexington  Massachusetts  US,740 King Parade,Westport,Massachusetts,Bristol County,,00000,41.57556138030341,-71.09709784349035,141338.86,88718.06,90465,True,52.602327173169066,True
85f8f1e0-f702-9481-019c-7b9fbcdb1186,1970-12-13,,999-42-5166,S99941844,X57869419X,Mr.,Cary869,Horacio317,Spencer878,,,M,white,nonhispanic,M,Norfolk  Massachusetts  US,930 Hand Parade,Leominster,Massachusetts,Worcester County,25027,01420,42.47460947156824,-71.71346670348126,81270.43,49400.03,33124,True,55.26351813826147,True
9741f6dd-abd2-383a-18f3-725155e8ba9a,1979-12-05,,999-14-4021,S99921391,X10447677X,Mrs.,Carylon722,,Cormier289,,Gutkowski940,M,white,nonhispanic,F,Worcester  Massachusetts  US,333 Barton Trafficway,Chelsea,Massachusetts,Suffolk County,25025,02150,42.40821537784035,-71.00185101035639,266622.25,95411.63,49684,True,46.286105407255306,True
d2237c87-cc28-d540-e0a3-f303f37d94dd,1946-12-22,,999-46-9363,S99993372,X57476217X,Mr.,Chas63,Bret7,Waters156,,,M,white,nonhispanic,M,Boston  Massachusetts  US,429 Kohler Ferry,Barnstable,Massachusetts,Barnstable County,25001,02601,41.63053909172385,-70.4246418704541,15551.51,375148.79,15771,True,79.23887748117727,True
1310341c-6a89-e312-7096-2904fffe2178,1959-05-16,,999-97-2078,S99953283,X89731975X,Mrs.,Chung121,Lona294,Sipes176,,Runolfsson901,M,white,nonhispanic,F,Carver  Massachusetts  US,1044 Hackett Mission,Somerset,Massachusetts,Bristol County,25005,02726,41.73408031552206,-71.14036599074723,30740.18,1098402.31,17029,True,66.84188911704312,True
6dc78494-b5c4-3708-1850-5f0b30fe1cec,1946-10-20,,999-76-4201,S99931702,X35605534X,Mrs.,Clare187,Marcela739,Ernser583,,Hills818,M,white,hispanic,F,Somerville  Massachusetts  US,549 Baumbach Esplanade,Haverhill,Massachusetts,Essex County,25009,01832,42.81740570262093,-71.12132518044662,345495.30,1135720.83,148016,True,79.4113620807666,True
f500d507-fb68-dfa1-7b6c-ed2c9e956bc7,1948-02-07,,999-27-5633,S99929311,X64413731X,Mrs.,Claudia969,,Moreno82,,Dueñas839,D,white,hispanic,F,Bogota  Bogota  CO,1041 Schiller Run Apt 99,Windsor,Massachusetts,Berkshire County,,00000,42.49908256107594,-73.09052567188857,244624.97,1026474.01,190497,True,78.11088295687885,True
916e9111-9bfd-aee0-5047-4223f06183fc,1962-03-15,,999-29-7903,S99952580,X11901139X,Mr.,Clyde817,Cecil300,Lynch190,,,W,asian,nonhispanic,M,Chatham  Massachusetts  US,354 Stark Well Apt 9,Newton,Massachusetts,Middlesex County,25017,02458,42.327117820309894,-71.2675098219974,199607.16,20978.71,55516,True,64.01095140314852,True
e9cefaa0-33c4-ddf2-e2b1-c4b328fe71cf,1965-09-19,,999-72-4819,S99979347,X30387192X,Mr.,Colin861,Francesco636,Lemke654,,,M,white,nonhispanic,M,Vineyard Haven  Massachusetts  US,761 Zboncak Gardens,Lexington,Massachusetts,Middlesex County,25017,02421,42.48075746653314,-71.28519670707372,54543.09,131764.24,425888,True,60.49555099247091,True
075c319c-5d10-4b7a-df6f-ff3eec95feea,1981-04-26,,999-18-7605,S99954866,X9681425X,Mr.,Colin861,Erich201,Hand679,,,M,white,nonhispanic,M,Boston  Massachusetts  US,787 Rath Union Unit 18,Wilbraham,Massachusetts,Hampden County,25013,01095,42.13284700863688,-72.46898615416619,215197.90,81428.23,51748,True,44.8952772073922,True
543b817d-8b50-3bfa-068c-a5923b4ee81b,1970-12-19,,999-22-3640,S99956109,X65624158X,Mr.,Cristobal567,Peter292,Klocko335,,,D,white,nonhispanic,M,Southwick  Massachusetts  US,110 Wolff Village,Burlington,Massachusetts,Middlesex County,25017,01803,42.47805242571562,-71.20833443897963,101721.84,176077.17,116149,True,55.24709103353867,True
f1698104-2ab6-b3b7-72d3-0006ee1b2c9e,1962-04-22,,999-89-5735,S99958754,X33163782X,Mrs.,Daisey627,,Reilly981,,Skiles927,D,white,nonhispanic,F,Boston  Massachusetts  US,673 Shanahan Extension,Boston,Massachusetts,Suffolk County,25025,02111,42.37551887562476,-71.13976554971788,82623.69,1423136.06,671,True,63.90691307323751,True
db7841f3-4de8-16d8-6cf2-8cda657df0ff,1977-11-06,,999-90-5920,S99984397,X20587154X,Mr.,Damon455,Spencer878,Hoeger474,,,M,white,nonhispanic,M,Dracut  Massachusetts  US,842 Swift Approach Apt 91,Southborough,Massachusetts,Worcester County,,00000,42.32409363734908,-71.53104634328328,110268.45,8697.12,110548,True,48.36413415468857,True
36db92d1-2934-899d-28eb-4ae32f07d1c3,1947-11-12,,999-80-5052,S99952383,X11717043X,Mr.,Daniel959,Erik495,Raynor401,,,M,asian,nonhispanic,M,Lowell  Massachusetts  US,778 Leffler Center,Andover,Massachusetts,Essex County,25009,01810,42.66486894567985,-71.1985477067812,95106.39,450725.41,122049,True,78.34907597535934,True
edcf2997-99aa-bb11-c061-c0bcb31fed6f,1952-10-26,,999-66-5669,S99931539,X59177694X,Mr.,Danny396,Loyd638,Berge125,,,S,white,nonhispanic,M,Faro  Algarve  PT,958 Jones Divide,Plymouth,Massachusetts,Plymouth County,25023,02360,41.8576384880664,-70.65348603527666,107261.65,182142.81,95304,True,73.39356605065024,True
48ebb53e-ab54-3673-5625-43d5c31351eb,1946-07-01,,999-71-4965,S99917268,X46661902X,Mrs.,Darlene91,Fallon874,Greenfelder433,,Romaguera67,D,white,nonhispanic,F,Falmouth  Massachusetts  US,811 Wiza Well Suite 38,Milford,Massachusetts,Worcester County,25027,01757,42.16232150019241,-71.48065056384206,295074.14,2081211.14,177991,True,79.71526351813826,True
f9c826b9-621a-7833-33b3-b6e090574a53,1956-03-13,,999-12-8309,S99990889,X314998X,Mr.,Darnell564,Melvin857,Jenkins714,,,M,white,nonhispanic,M,Winthrop  Massachusetts  US,1040 Jones Mission Apt 38,Everett,Massachusetts,Middlesex County,25017,02148,42.43654435435639,-71.10430598491895,91587.50,122406.38,34916,True,70.01505817932923,True
69e5bba9-e99b-e884-88e9-0b79b2211ec1,1971-11-26,,999-73-4183,S99915670,X36950630X,Mr.,Dave764,Boris111,Wilkinson796,,,S,white,nonhispanic,M,Natick  Massachusetts  US,660 Watsica Track,Westborough,Massachusetts,Worcester County,25027,01581,42.227904791488506,-71.60601365804796,157743.18,265510.77,119225,True,54.31074606433949,True
b9b5b52d-fbaf-5b90-e4c4-323993529d8f,1946-07-06,,999-78-7533,S99938558,X70656947X,Mr.,Demarcus108,Jerome176,Walker122,,,D,white,nonhispanic,M,Peabody  Massachusetts  US,470 Davis Club Apt 80,Braintree,Massachusetts,Norfolk County,25021,02184,42.16960966161763,-70.96415275033317,175090.88,156559.58,54988,True,79.7015742642026,True
314e740b-6595-c290-69d4-679ec5b74978,1946-07-11,,999-42-9714,S99910470,X61926342X,Mr.,Demarcus108,Vance413,Kuhlman484,,,M,white,nonhispanic,M,East Longmeadow  Massachusetts  US,947 Rice Trafficway,Hopkinton,Massachusetts,Middlesex County,25017,01748,42.268145649476274,-71.52052695825171,208360.88,197732.90,144720,True,79.68788501026694,True
4f0a56bf-0b09-1567-7e17-297567ecaa8e,1955-06-10,,999-11-2633,S99938564,X87193773X,Mr.,Denver542,Scott935,Harris789,,,M,white,nonhispanic,M,Salem  Massachusetts  US,1082 Spinka Estate Suite 15,Winchester,Massachusetts,Middlesex County,25017,01890,42.45189028873314,-71.09788081334283,81161.72,135297.87,648465,True,70.77344284736482,True
029fe5e1-f60c-f237-bb94-4dc65d0190ff,1948-04-21,,999-75-1578,S99920252,X46152102X,Mr.,Devin82,,Green467,,,M,asian,nonhispanic,M,Haiphong  Kiến An  VN,921 Rice Dam,Foxborough,Massachusetts,Norfolk County,25021,02035,42.05587045339547,-71.28854452528857,22270.77,349413.83,3059,True,77.90828199863107,True
0909bf90-b447-56d9-20d8-37ff0cfa7bb1,1947-05-26,,999-89-5123,S99915776,X57357030X,Mrs.,Dianna917,Annamae625,Rohan584,,Waters156,D,white,nonhispanic,F,Boxborough  Massachusetts  US,607 Hudson Crossing,Watertown,Massachusetts,Middlesex County,25017,02472,42.35931320075248,-71.19936298346205,745007.61,254252.40,87002,True,78.8145106091718,True
d97266f1-34fe-81cf-51c3-33a4bb49670c,1973-03-20,,999-99-2068,S99937038,X44875471X,Mrs.,Dione665,Gabriele201,Parisian75,,MacGyver246,M,white,nonhispanic,F,Westminster  Massachusetts  US,478 Kunze Haven,Weymouth,Massachusetts,Norfolk County,25021,02191,42.26989586946151,-70.96149007026231,532987.05,338284.92,39230,True,52.99657768651608,True
63ca8664-36cb-a8a6-962f-dfd852b68dd5,1947-04-25,,999-76-8523,S99915056,X77427614X,Mr.,Dorian295,Taylor21,Mitchell808,,,M,hawaiian,nonhispanic,M,West Boylston  Massachusetts  US,857 Gleichner Walk,Brockton,Massachusetts,Plymouth County,25023,02351,42.07861780037152,-70.96829306454133,163022.53,51434.07,72901,True,78.89938398357289,True
89f551cd-f865-884f-cd14-8232084e1b1c,1971-03-22,,999-90-3963,S99910614,X37214380X,Mrs.,Dorie139,,Cremin516,,Hayes766,M,white,nonhispanic,F,Northampton  Massachusetts  US,967 Feil Lock Suite 83,Chelmsford,Massachusetts,Middlesex County,,00000,42.553579817630904,-71.39661522765613,27120.81,1026870.27,6908,True,54.992470910335385,True
a5a471b0-97d5-f4bc-e901-26ab44f6c2d1,1947-03-23,,999-44-4960,S99998847,X80818608X,Mrs.,Edda876,,Streich926,,Crona259,M,white,nonhispanic,F,Weymouth  Massachusetts  US,925 Halvorson Divide,Bridgewater,Massachusetts,Plymouth County,25023,02324,41.92553346849972,-71.02302961001836,435084.22,1128827.22,123547,True,78.98973305954826,True
44194337-9f0d-b616-0f3a-8e6947cdba4f,1977-12-02,,999-25-2452,S99942421,X12140190X,Mrs.,Elidia194,Venetta859,Baumbach677,,Goldner995,M,white,nonhispanic,F,Holden  Massachusetts  US,439 Jacobson Lane Suite 88,Needham,Massachusetts,Norfolk County,25021,02492,42.30689503550285,-71.23970505978936,13567.46,768731.34,21681,True,48.29295003422313,True
0d3ab108-3104-e943-b125-23cc078463b3,1982-01-07,,999-81-5264,S99966228,X23444617X,Mr.,Elmo857,Max124,Jenkins714,,,M,white,nonhispanic,M,Falmouth  Massachusetts  US,1055 Bradtke Byway Apt 45,Arlington,Massachusetts,Middlesex County,25017,02474,42.427794269758834,-71.19743286709372,98598.84,101370.75,90225,True,44.19438740588638,True
851599ba-c33c-e8b1-81b8-98a51d70aae8,1970-07-13,,999-67-7063,S99924379,X54742976X,Mrs.,Elsy53,Eleni953,Schuppe920,,Wunsch504,M,white,nonhispanic,F,Boston  Massachusetts  US,475 Mayer Run,Middleborough,Massachusetts,Plymouth County,,00000,41.913821072008595,-70.85620864279211,488133.00,287793.76,117430,True,55.68240930869268,True
8fcba208-3cbc-150a-a1cd-391bba1167ad,1947-05-31,,999-11-5359,S99945920,X85577706X,Mrs.,Elva122,Chantell995,Hagenes547,,Gutmann970,W,white,nonhispanic,F,Amherst Center  Massachusetts  US,924 Dach Bay,Manchester-by-the-Sea,Massachusetts,Essex County,,00000,42.56661278661686,-70.80026571179825,287068.51,674798.64,900723,True,78.80082135523614,True
87121e92-7c9f-8825-ec0a-0850e9134b55,1982-02-02,,999-96-1657,S99967391,X75662603X,Mr.,Elvin140,Morton637,Pollich983,,,M,white,nonhispanic,M,Springfield  Massachusetts  US,209 Robel Gardens Unit 84,South Hadley,Massachusetts,Hampshire County,,00000,42.29478540506481,-72.61400515139115,80244.66,202417.70,143787,True,44.12320328542094,True
96b1b0ff-c629-c222-665d-aa444b03ae66,1984-03-02,,999-78-7493,S99960939,X66652064X,Mrs.,Elvina437,Kimber624,Lockman863,,Lindgren255,M,white,hispanic,F,West Wareham  Massachusetts  US,533 Corkery Terrace Suite 53,Holyoke,Massachusetts,Hampden County,25013,01040,42.16392623383388,-72.66672994988564,98199.10,448048.89,24657,True,42.04517453798768,True
6d8e7f8c-6e98-bad2-ef7a-2d9856aaed4b,1953-04-12,,999-63-9025,S99951954,X13031009X,Mr.,Elvis145,,Rosenbaum794,,,M,white,nonhispanic,M,Salem  Massachusetts  US,395 Funk Dam,Milton,Massachusetts,Norfolk County,25021,02186,42.24775871924655,-71.07497063786784,101875.16,582969.38,192302,True,72.93360711841204,True
d5178b57-fbb5-d71f-a04c-5fbd2face911,1951-11-06,,999-37-1475,S99938809,X52761466X,Mr.,Elwood28,Jarod376,Greenholt190,,,S,white,nonhispanic,M,Lynn  Massachusetts  US,633 Murray Passage,Springfield,Massachusetts,Hampden County,25013,01105,42.07995008142824,-72.54239214692112,12734.12,428764.14,11710,True,74.36550308008214,True
9061360b-43e3-15a8-a820-0a5faf14fb18,1965-11-22,,999-14-1435,S99915151,X55891918X,Mr.,Emile522,Eliseo499,Maggio310,,,M,white,nonhispanic,M,Lowell  Massachusetts  US,293 Dickens Dale,Leominster,Massachusetts,Worcester County,25027,01453,42.54992691977422,-71.83584267527995,410203.89,503124.28,48100,True,60.32032854209446,True
dedab985-539f-ef7c-e420-605f13d9c7fd,1963-12-26,,999-99-7962,S99974806,X18168531X,Mrs.,Enid644,Carmel816,Friesen796,,Fadel536,M,white,nonhispanic,F,Harwich  Massachusetts  US,521 Brekke Wall Apt 58,Barnstable,Massachusetts,Barnstable County,25001,02637,41.61558192743274,-70.41368084109202,476870.31,208674.48,46249,True,62.22861054072553,True
72471400-74a1-e767-27eb-7480f96e1da8,1963-04-12,,999-61-5617,S99956396,X22953403X,Mr.,Enoch803,Kenneth671,Flatley871,,,S,black,hispanic,M,Lowell  Massachusetts  US,131 Hessel Burg,Saugus,Massachusetts,Essex County,25009,01906,42.481471714060625,-71.06088993867574,205973.38,211837.02,61006,True,62.93497604380561,True
eb72b6d7-f771-8ce9-74da-d177eb05946f,1968-10-01,,999-33-1078,S99997249,X78377404X,Mr.,Eric487,Richard937,Dare640,,,S,white,nonhispanic,M,Quincy  Massachusetts  US,210 Farrell Gardens,Everett,Massachusetts,Middlesex County,25017,02148,42.43127873058957,-71.04410640578531,97482.54,69799.57,69403,True,57.46201232032854,True
2d56633f-71fd-d363-6d1a-c8c1432fb259,1979-04-02,,999-21-7515,S99967217,X84465533X,Mr.,Erick204,,Grady603,,,M,white,nonhispanic,M,Randolph  Massachusetts  US,1038 Hauck Alley Apt 23,Sandwich,Massachusetts,Barnstable County,25001,02563,41.73475310084122,-70.44673363051324,81957.74,45265.07,160137,True,46.96235455167693,True
c128d199-3f25-21e2-7188-15118539a2ee,1962-03-14,,999-59-3419,S99953906,X86187238X,Mr.,Ernesto186,,Hintz995,,,M,white,nonhispanic,M,Worcester  Massachusetts  US,176 Buckridge Gate,Northborough,Massachusetts,Worcester County,25027,01532,42.3239190106889,-71.67207153923889,105761.98,129726.85,169326,True,64.01368925393567,True
44729341-5f48-ea06-2266-fbecf10fc3c8,1974-06-21,,999-37-9833,S99942872,X10564135X,Mr.,Erwin847,,Thiel172,,,M,white,nonhispanic,M,Springfield  Massachusetts  US,207 Hirthe Key Apt 69,Foxborough,Massachusetts,Norfolk County,25021,02035,42.034542701401655,-71.27206455954017,99643.53,70852.45,187014,True,51.742642026009584,True
389e2ea0-3c1b-1238-e36e-08579f757c75,1947-10-13,,999-98-1005,S99980114,X46624360X,Mr.,Esteban536,,Hansen121,,,S,white,nonhispanic,M,Natick  Massachusetts  US,522 King Promenade Suite 38,Boston,Massachusetts,Suffolk County,25025,02203,42.3154036509716,-71.08781107632892,16415.07,407293.78,7530,True,78.43121149897331,True
1479de26-4fb5-ac99-b1eb-f2f01454ae40,1958-08-16,,999-83-5506,S99934579,X5895564X,Mrs.,Estrella224,Marguerite497,Lubowitz58,,Heller342,D,white,hispanic,F,Winchester  Massachusetts  US,894 Lesch Byway,West Springfield,Massachusetts,Hampden County,25013,01089,42.14711347228394,-72.65318752700566,41479.11,1147628.18,19333,True,67.58932238193019,True
fe48d5e4-5ca9-bce6-6ff3-fae869800922,1952-04-02,,999-51-6652,S99924599,X35200641X,Mrs.,Fairy757,Kandi717,Abbott774,,Fisher429,M,white,nonhispanic,F,Barnstable  Massachusetts  US,631 Yost Ville,Plymouth,Massachusetts,Plymouth County,25023,02360,41.8613794115048,-70.6553384783108,218560.44,1434959.26,25372,True,73.96030116358658,True
d1baf73e-97fa-f0d0-9d18-d1b67484caee,1962-12-26,,999-68-5233,S99973880,X55215584X,Mr.,Federico589,,Bashirian201,,,M,white,nonhispanic,M,Boston  Massachusetts  US,845 Walter Crossroad Apt 39,Andover,Massachusetts,Essex County,25009,01810,42.644095453959764,-71.14150328395769,209789.26,442834.73,157048,True,63.227926078028744,True
6ad7269f-bf5d-9ed2-694a-6a8b145ca0be,1947-09-13,,999-85-7962,S99975347,X5264815X,Mr.,Ferdinand55,Rodney21,Schuster709,,,M,white,nonhispanic,M,North Seekonk  Massachusetts  US,453 Daugherty Harbor,Newton,Massachusetts,Middlesex County,25017,02468,42.31775879519216,-71.20142802384062,89227.91,257813.53,53427,True,78.51334702258727,True
d31aa8f9-0bc7-e965-97e6-af9d97fc5d17,1965-01-02,,999-91-5855,S99936019,X73986545X,Mrs.,Frances376,Clarence5,Goodwin327,,Keeling57,M,white,nonhispanic,F,Andover  Massachusetts  US,260 Anderson Vale,Hopkinton,Massachusetts,Middlesex County,25017,01748,42.21828952939274,-71.55551595123073,311771.09,1256623.63,831341,True,61.20739219712526,True
d5e10b68-f939-4372-2d10-b3dfcdd0a6b8,1946-05-16,,999-69-1059,S99961567,X62229468X,Mr.,Fredric73,,Brown30,,,M,white,nonhispanic,M,Worcester  Massachusetts  US,404 Mills Boulevard,Halifax,Massachusetts,Plymouth County,,00000,41.97896279160951,-70.8611612141941,258182.42,84805.20,82584,True,79.84120465434634,True
9440c663-5a7b-ad65-e99a-c4f5b48c018e,1978-05-24,,999-87-3711,S99955578,X34759492X,Mr.,Fredrick998,Leigh689,Beier427,,,M,black,nonhispanic,M,Hamilton  Massachusetts  US,568 Goyette Highlands Suite 7,Lexington,Massachusetts,Middlesex County,25017,02420,42.41353111968806,-71.1852044813435,92980.78,120614.82,145732,True,47.81930184804928,True
9ab5e7ea-e553-f839-2dc1-d53c29c6447b,1966-12-04,,999-60-3603,S99974776,X86724195X,Mr.,Garret233,Harley673,Kuhlman484,,,S,white,nonhispanic,M,Rehoboth  Massachusetts  US,228 Keebler Spur,Williamstown,Massachusetts,Berkshire County,25003,01267,42.62941612466209,-73.21106354392325,161462.68,322605.26,43480,True,59.28815879534565,True
b07ecfd6-2e64-8553-1836-358ccb22aa30,1970-06-29,,999-22-8616,S99936348,X76764944X,Mrs.,Genia944,,Monahan736,,Denesik803,M,white,nonhispanic,F,Somerville  Massachusetts  US,532 Donnelly Throughway Unit 18,Lowell,Massachusetts,Middlesex County,25017,01850,42.61676546304278,-71.33619765712153,207160.63,1011099.42,177088,True,55.72073921971253,True
a138adea-8cde-8ada-d576-244cb3bb0de6,1947-11-20,,999-73-7232,S99950217,X14013661X,Ms.,Gertie348,Delores12,Considine820,,,S,white,nonhispanic,F,Lowell  Massachusetts  US,290 Shields Estate Suite 58,Stoneham,Massachusetts,Middlesex County,25017,02180,42.467407653413964,-71.07987334751532,192830.58,620141.40,912642,True,78.32717316906229,True
af7b87f2-236d-2f90-de73-9c1bfd000b30,1988-04-14,,999-30-6990,S99982945,X45613978X,Mr.,Glenn0,Rudy520,Brown30,,,M,white,nonhispanic,M,Boston  Massachusetts  US,918 O'Kon Wall Apt 21,Worcester,Massachusetts,Worcester County,25027,01607,42.283521896915545,-71.73885322988076,85135.41,545808.83,33779,True,37.927446954141,True
d58bae72-a757-6c87-2c81-0bd87497cad6,1959-05-08,,999-24-3996,S99979977,X22071498X,Mrs.,Guillermina633,Francisca486,Nieves278,,Gallardo890,D,white,hispanic,F,Bayamon  Puerto Rico  PR,128 Okuneva Overpass,Ipswich,Massachusetts,Essex County,25009,01938,42.69112662433085,-70.81964848313898,1018935.51,608459.20,100691,True,66.86379192334017,True
00d5d8fa-d9ca-e261-d5b0-185217f24e13,1959-08-22,,999-84-8243,S99961884,X39088274X,Ms.,Hallie315,,Roob72,,,S,black,nonhispanic,F,Somerville  Massachusetts  US,287 Johns Track Apt 24,Boston,Massachusetts,Suffolk County,25025,02129,42.366073825568286,-71.05627022654753,855793.66,962254.68,88562,True,66.57357973990418,True
f4ddeb71-73bb-28d9-a252-0a595d18a703,1949-11-12,,999-52-7021,S99910023,X73777913X,Mr.,Hassan290,Zack583,Senger904,,,M,white,nonhispanic,M,Spencer  Massachusetts  US,1008 Rippin Throughway,Hingham,Massachusetts,Plymouth County,25023,02043,42.254532941026476,-70.87864662534942,113693.43,331675.66,637500,True,76.34770704996578,True
aa9e0e3f-c06a-2ec2-9614-1db251c31305,1950-06-01,,999-64-2590,S99918354,X89840202X,Mr.,Heath320,Son314,Prosacco716,,,D,white,nonhispanic,M,Holbrook  Massachusetts  US,592 O'Kon Rapid Unit 9,Pittsfield,Massachusetts,Berkshire County,25003,01201,42.42218024011494,-73.23229763360082,187649.79,577303.16,32761,True,75.79739904175223,True
7fbb49fb-45eb-b39d-b134-0f592f28789d,1947-06-19,,999-15-8672,S99971003,X28721900X,Mrs.,Hedwig986,Sharan181,Pagac496,,Bode78,D,white,nonhispanic,F,Springfield  Massachusetts  US,915 Waters Club Apt 19,Millville,Massachusetts,Worcester County,,00000,42.05083783879684,-71.55417001280537,191161.86,1062228.95,26222,True,78.74880219028063,True
9a879aa7-7ca3-a060-36f6-ddca5f672ed1,1966-08-04,,999-92-5370,S99984524,X1799077X,Mr.,Henry768,Blair400,Johnston597,,,M,white,nonhispanic,M,Arlington  Massachusetts  US,339 Cronin Underpass,Haverhill,Massachusetts,Essex County,25009,01832,42.83885650785938,-71.12930212066622,225424.70,707261.32,26846,True,59.62217659137577,True
210a2a00-0b42-0587-561a-c27a5a4094ba,1971-07-14,,999-56-8996,S99919428,X28531323X,Mr.,Hoyt490,Markus389,Stroman228,,,D,white,nonhispanic,M,Lynn  Massachusetts  US,979 Little Mall,Westwood,Massachusetts,Norfolk County,,00000,42.21924557752339,-71.23018005269635,73203.50,79502.14,81354,True,54.680355920602324,True
6eca3547-1f92-13e6-9268-eeea90fdd918,1974-02-17,,999-44-8978,S99915982,X71167307X,Mr.,Hugo693,Hernán834,Otero621,,,M,hawaiian,hispanic,M,Panama City  Panama  PA,572 Emmerich Plaza Suite 77,Boston,Massachusetts,Suffolk County,25025,02136,42.35043937590867,-71.03870654896178,7132.27,124863.01,15482,True,52.082135523613964,True
d276e5ca-6d64-d1f8-42fe-f241113054b6,1985-04-22,,999-42-6243,S99935922,X45286213X,Mr.,Isiah14,Dirk334,Beer512,,,W,white,nonhispanic,M,Norfolk  Massachusetts  US,226 Mitchell Crossing Suite 51,Harwich,Massachusetts,Barnstable County,,00000,41.70283129060058,-70.09498858851771,117785.99,11655.40,65665,True,40.90622861054072,True
6759eca2-33f6-f8d5-e473-9e9fd6281d18,1947-01-12,,999-45-2097,S99989848,X85791570X,Mrs.,Isobel140,Lilian665,Bednar518,,Hettinger594,M,white,nonhispanic,F,Southwick  Massachusetts  US,641 Kovacek Orchard,Tewksbury,Massachusetts,Middlesex County,,00000,42.574562835602045,-71.2726990622925,1153930.62,1054045.64,55504,True,79.1813826146475,True
c3b1d352-f9e0-b763-0e1a-f6ca172cd029,1972-03-28,,999-75-6261,S99920606,X62042601X,Mr.,Jae222,Winford225,Abernathy524,,,M,white,nonhispanic,M,Springfield  Massachusetts  US,342 Greenholt Quay,Fitchburg,Massachusetts,Worcester County,25027,01420,42.58341539769621,-71.80344723369701,76886.22,36091.35,53049,True,53.973990417522245,True
8f62343a-83c8-acff-615c-ea9b53d61a5b,1947-03-10,,999-10-6684,S99979820,X17756573X,Mr.,Jake169,Javier97,Cormier289,,,M,white,nonhispanic,M,Grafton  Massachusetts  US,315 Corkery Rest,Boston,Massachusetts,Suffolk County,25025,02152,42.30476027864747,-71.07737044674829,227373.89,133533.58,70854,True,79.02532511978097,True
e3c0afe1-665f-ce25-e07b-6555818904a8,1972-07-21,,999-40-9436,S99982469,X84558500X,Mr.,Jake169,Jessie665,Dickens475,,,M,white,nonhispanic,M,Lawrence  Massachusetts  US,906 Hahn Pathway,New Bedford,Massachusetts,Bristol County,25005,02747,41.72907443489468,-70.91936795505755,19874.33,367196.91,18607,True,53.659137577002056,True
0f125ecc-9c72-2557-aee9-26576e3dad95,1954-08-25,,999-22-4220,S99936149,X18536118X,Mrs.,Janett802,,Johns824,,Connelly992,D,black,nonhispanic,F,Ludlow  Massachusetts  US,102 Lind Dale,Whitinsville,Massachusetts,Worcester County,25027,01588,42.139098196108606,-71.65601645511019,217149.12,342024.54,190852,True,71.564681724846,True
1ba32d36-4388-f506-8a97-c01905e9a139,1982-09-23,,999-63-1926,S99997863,X14372445X,Mr.,Jarod376,Curt84,Casper496,,,M,white,nonhispanic,M,Lakeville  Massachusetts  US,109 VonRueden Heights Apt 98,Springfield,Massachusetts,Hampden County,25013,01151,42.10930937472065,-72.57421643890338,69738.40,131506.30,34355,True,43.48528405201917,True
b45a3b41-3cb0-c47e-348f-a28c6f19555c,1960-03-20,,999-59-6993,S99961771,X79383783X,Ms.,Jeanne553,,Kuphal363,,,S,white,nonhispanic,F,Montague  Massachusetts  US,151 Shields Fort,Westford,Massachusetts,Middlesex County,,00000,42.57605940496117,-71.40987647507566,213150.85,1775008.16,166849,True,65.99589322381931,True
af652710-6228-107d-5142-e427dc020702,1947-01-20,,999-75-6963,S99967172,X52301105X,Mr.,Jeremy766,Ollie731,Beier427,,,M,white,nonhispanic,M,Sandwich  Massachusetts  US,560 Conn Meadow,Needham,Massachusetts,Norfolk County,25021,02494,42.27640997838807,-71.26423586073878,194567.42,133005.93,86614,True,79.15947980835044,True
d9fab7f4-f057-f10b-8268-a8795e24ed05,1978-04-15,,999-17-8916,S99959294,X78192408X,Mr.,Jerrold404,,Fritsch593,,,M,white,nonhispanic,M,Saugus  Massachusetts  US,557 Murphy Gardens Unit 77,Quincy,Massachusetts,Norfolk County,25021,02169,42.309929819211895,-71.02416452423168,14693.35,146072.51,9822,True,47.92607802874743,True
26aa011e-0d75-d1a3-3c5a-560a9450cc9d,1977-12-04,,999-88-4732,S99942000,X61458871X,Mr.,Jesse626,Roosevelt595,Wolf938,,,M,white,nonhispanic,M,Worcester  Massachusetts  US,791 Lindgren Passage Apt 87,Chelmsford,Massachusetts,Middlesex County,,00000,42.57094151779865,-71.39127180250473,146799.17,33628.91,66918,True,48.28747433264887,True
bcef768c-fa42-6b39-8e46-24967b26ac80,1981-03-28,,999-14-4833,S99913924,X52266584X,Mr.,Jesús825,Daniel959,Santana368,,,S,white,hispanic,M,Salisbury  Saint Joseph Parish  DM,608 Heller Highlands Apt 0,Peabody,Massachusetts,Essex County,25009,01960,42.551636573071534,-71.0030339327865,16097.59,164522.66,17938,True,44.97467488021903,True
d3f2d97d-929e-11df-c89f-88a264c0b414,1968-11-06,,999-18-7417,S99913019,X29283833X,Mr.,Jewell855,,Welch179,,,M,white,nonhispanic,M,Northampton  Massachusetts  US,672 Stark Esplanade Suite 58,Brookline,Massachusetts,Norfolk County,25021,02445,42.365816174518805,-71.11585187872703,39239.77,126330.19,192218,True,57.36344969199179,True
76b20010-c318-5754-8c85-983aa538522f,1952-05-05,,999-62-9324,S99976717,X82391507X,Mr.,Jody426,Jeffrey461,Hickle134,,,D,white,nonhispanic,M,Charlton  Massachusetts  US,368 Marquardt Highlands,Newburyport,Massachusetts,Essex County,25009,01950,42.81308052119067,-70.83892862887681,115986.00,439298.95,878354,True,73.86995208761122,True
74620a6a-4137-444f-3486-beb4a84a7e18,1981-10-16,,999-57-2582,S99943309,X70610633X,Mr.,Jody426,Darrell400,Price929,,,M,white,nonhispanic,M,Oxford  Massachusetts  US,179 Mosciski Gateway Suite 35,Lawrence,Massachusetts,Essex County,25009,01841,42.678460242418936,-71.18028913541887,414818.74,287944.31,58034,True,44.421629021218344,True
02579c91-f636-e7d1-1ecd-a5cc38fdfe25,1967-05-11,,999-59-1421,S99932484,X47180660X,Ms.,Johanne551,Louella862,Hackett68,,,S,white,nonhispanic,F,Hopkinton  Massachusetts  US,785 Brown Bridge,Chelsea,Massachusetts,Suffolk County,25017,02149,42.43733292212184,-70.98428394726801,838886.95,529785.56,60511,True,58.85557837097878,True
49f23112-5ea8-e5a6-e016-ad5e64ef9664,1946-06-12,,999-45-8777,S99973163,X78333712X,Mr.,Jonathan639,Sheldon401,Senger904,,,M,white,nonhispanic,M,Taunton  Massachusetts  US,687 Kuhn Green,Amherst Center,Massachusetts,Hampshire County,,00000,42.38028599769629,-72.53970874285632,204088.25,148376.65,90288,True,79.76728268309377,True
c8ed5439-96ea-3417-dfd6-23b05abf98e4,1975-11-13,,999-10-7116,S99977764,X87437805X,Mr.,Jordon466,Forest317,Deckow585,,,M,white,nonhispanic,M,Bridgewater  Massachusetts  US,152 Bednar Walk Apt 50,North Andover,Massachusetts,Essex County,,00000,42.70110070691172,-71.12689404812468,78992.01,177255.06,862949,True,50.34633812457221,True
9760f7b3-1855-ae94-30f6-00df897c8d1c,1956-01-18,,999-99-3363,S99991580,X32326845X,Mr.,Jorge203,Manuel446,Godínez202,,,M,white,hispanic,M,Tegucigalpa  Francisco Morazán  HN,920 Prosacco Manor Apt 43,North Andover,Massachusetts,Essex County,,00000,42.6244794233242,-71.12396135625092,180279.26,948155.57,36840,True,70.16563997262149,True
56f36818-ae1e-d0ca-97df-64aafbeb712e,1948-12-24,,999-89-9275,S99981210,X21589210X,Mr.,Jorge203,,Pollich983,,,S,white,nonhispanic,M,Boston  Massachusetts  US,470 Satterfield Orchard,Bernardston,Massachusetts,Franklin County,,00000,42.72719136835167,-72.54830511831534,345244.98,723885.26,35471,True,77.23203285420945,True
a39c6dc2-2b44-a5b8-9ca8-3e5efe1fb4cc,1960-03-05,,999-48-6300,S99954526,X798039X,Mr.,Julio César525,Claudio955,Téllez750,,,M,white,hispanic,M,Roseau  Saint George  DM,311 Schaden Lock Suite 73,Everett,Massachusetts,Middlesex County,25017,02149,42.397605672617956,-71.02913027433137,108241.01,105223.36,40361,True,66.03696098562628,True
bd6a7414-f691-85d1-7be3-54d768cd1c0b,1946-08-14,,999-21-8002,S99973720,X46740098X,Mr.,Julius90,Adan632,West559,,,M,white,nonhispanic,M,Barnstable  Massachusetts  US,818 Hills Quay,Lowell,Massachusetts,Middlesex County,25017,01854,42.65949446503873,-71.28803295727214,94104.15,310357.32,25234,True,79.59479808350444,True
3bd0e02f-66f4-83cb-816d-6cfa354b2575,1946-07-26,,999-17-6021,S99979942,X38752006X,Mrs.,Junko239,,Toy286,,Luettgen772,M,black,nonhispanic,F,Westwood  Massachusetts  US,885 Bins Mill Apt 30,Worcester,Massachusetts,Worcester County,25027,01606,42.250957295088924,-71.84978602135928,518977.28,1145066.94,654,True,79.64681724845995,True
294b84dd-0309-41d1-ecce-150dd01a6c40,1947-10-07,,999-45-9166,S99973557,X89453609X,Mrs.,Kallie862,Roxane435,Graham902,,Hansen121,M,white,nonhispanic,F,Boston  Massachusetts  US,965 Wolf Road,Milton,Massachusetts,Norfolk County,25021,02186,42.23571153173216,-71.12301866553716,77191.07,1008570.08,98800,True,78.44763860369609,True
f4d89456-efb3-ff5d-2ed4-f1807469440d,1946-12-30,,999-80-1636,S99984066,X84137798X,Mrs.,Karolyn830,Myrtice99,Satterfield305,,Quitzon246,M,white,nonhispanic,F,Chicopee  Massachusetts  US,671 Glover Run,Rockport,Massachusetts,Essex County,25009,01966,42.60692233370265,-70.63222266580046,274988.29,893939.17,27835,True,79.21697467488022,True
acb9f9d8-6899-2ab5-9490-69be66b33c1e,1968-11-13,,999-67-2516,S99941203,X45961454X,Mrs.,Keena534,Sammie902,Batz141,,Bartell116,D,white,nonhispanic,F,Taunton  Massachusetts  US,120 Gleichner Lock,Boston,Massachusetts,Suffolk County,25025,02113,42.361135661894906,-70.99322201233902,23416.62,1145027.39,20306,True,57.34428473648186,True
c5636267-9108-50da-40c7-75bc430ea926,1946-05-27,,999-83-4110,S99987335,X86469055X,Ms.,Keila316,Clarinda196,Watsica258,,,S,native,hispanic,F,Boston  Massachusetts  US,195 Ziemann Brook,Lynn,Massachusetts,Essex County,25009,01904,42.537211057035584,-71.04231175670614,1013341.60,708593.19,53311,True,79.81108829568788,True
3d7ffa67-e3dc-b3df-966c-7e36231e34b3,1947-08-15,,999-39-9331,S99928675,X13135041X,Mr.,Kendall673,Mohammad578,Daugherty69,,,M,white,nonhispanic,M,Leominster  Massachusetts  US,880 Padberg Village,Springfield,Massachusetts,Hampden County,25013,01103,42.17174621724902,-72.52090330188352,15413.22,441220.85,13245,True,78.5927446954141,True
b2d8da34-05c5-6235-f2a3-fd575e146b9c,1980-03-25,,999-63-9471,S99925618,X31818963X,Mr.,Kennith515,Mikel238,Schinner682,,,M,white,nonhispanic,M,Newton  Massachusetts  US,132 Hills Fort Suite 49,Sandwich,Massachusetts,Barnstable County,25001,02563,41.68939691962754,-70.4686787377939,112491.65,528705.31,29104,True,45.98220396988364,True
5fd603dd-1d6a-62be-0862-67ff6e3978b5,1969-12-01,,999-38-2304,S99965990,X61171572X,Ms.,Lakesha141,,Koepp521,,,S,white,nonhispanic,F,Mendon  Massachusetts  US,340 Braun Passage Apt 35,Worcester,Massachusetts,Worcester County,25027,01608,42.262569851522706,-71.70588288847124,19609.15,1086253.69,4053,True,56.29568788501027,True
eb5910f1-26e6-bc6f-b300-716eae678d6f,1947-06-14,,999-20-9963,S99973653,X35401102X,Ms.,Larissa293,Jackeline690,Bins636,,,S,white,nonhispanic,F,Revere  Massachusetts  US,861 Swift Lock,Haverhill,Massachusetts,Essex County,25009,01832,42.84610565164186,-71.046128370516,648246.98,342571.70,47596,True,78.7624914442163,True
1638c934-31b7-ab16-dc44-599878b86438,1955-09-05,,999-30-2494,S99966525,X38014980X,Mr.,Laverne101,Gabriel934,Christiansen251,,,M,white,nonhispanic,M,Lynn  Massachusetts  US,991 Hand Green,Dracut,Massachusetts,Middlesex County,,00000,42.6830587203513,-71.3424939206453,108339.52,228893.40,72042,True,70.53524982888433,True
f43d9ec2-fe51-f6af-4d9c-c81db0c48620,1992-11-23,,999-54-8279,S99911064,X84338330X,Mrs.,Lianne167,,Feest103,,Luettgen772,M,white,nonhispanic,F,Holbrook  Massachusetts  US,986 Kuhlman Fork Unit 13,Boston,Massachusetts,Suffolk County,25025,02108,42.31657374480012,-71.03617415456753,56731.48,108364.06,191853,True,33.31690622861054,True
90653d25-c8b6-ed1b-565a-5c84b2394c3e,1984-07-30,,999-32-7038,S99934232,X10529170X,Ms.,Lorene243,Robert854,Ryan260,,,S,white,hispanic,F,Winchester  Massachusetts  US,137 Jakubowski Glen Apt 79,Newton,Massachusetts,Middlesex County,25017,02461,42.3755161915331,-71.18320532307578,230342.92,645920.35,87509,True,41.634496919917865,True
f05cd00c-5d57-0861-a26d-99148a2924e5,1952-04-11,,999-10-8055,S99946437,X68802692X,Mrs.,Lorette239,Valentine262,O'Kon634,,Kuvalis369,D,white,nonhispanic,F,Auburn  Massachusetts  US,200 Howell Avenue Apt 28,Boston,Massachusetts,Suffolk County,25025,02125,42.348455854613555,-71.16597574429468,213050.91,1047928.14,426131,True,73.9356605065024,True
d623b038-dfc2-582c-c0de-8654e5e694a2,1946-11-04,,999-28-8932,S99912695,X77483846X,Mr.,Luciano237,Matt836,Schumm995,,,M,white,nonhispanic,M,Boylston  Massachusetts  US,225 Corwin Stravenue Apt 73,Georgetown,Massachusetts,Essex County,,00000,42.744623951725046,-70.93485239678824,127371.08,161961.06,291852,True,79.37029431895962,True
128cc514-d937-eccb-c660-0c38b8daa7c6,1953-11-25,,999-43-3578,S99995926,X6171346X,Mr.,Lucien408,Barton704,Rodriguez71,,,S,white,nonhispanic,M,St Petersburg  St Petersburg  RU,111 Weissnat Run,Lowell,Massachusetts,Middlesex County,25017,01851,42.60858859115528,-71.26997654428669,229148.88,361716.86,46981,True,72.31211498973306,True
6a6e849d-168a-d232-f2e6-88aabb952cc8,1977-04-23,,999-63-3360,S99993461,X21274324X,Mr.,Lucien408,Brad867,Watsica258,,,M,black,nonhispanic,M,Ludlow  Massachusetts  US,416 Baumbach Gate Unit 64,Plainville,Massachusetts,Norfolk County,,00000,42.046897150845396,-71.30268307342534,108822.93,42596.52,36623,True,48.903490759753595,True
8f65985d-f090-a703-440e-67de99fbc4e4,1947-01-09,,999-89-9198,S99915831,X12200207X,Mrs.,Ludivina884,Kasandra729,Wilkinson796,,Medhurst46,M,black,nonhispanic,F,Boston  Massachusetts  US,977 Wuckert Village,Boston,Massachusetts,Suffolk County,25025,02111,42.380367013188994,-71.04859137607552,1265116.94,495724.49,40824,True,79.1895961670089,True
71e03c3e-fe74-9b59-cb4d-41ca430b702d,1947-04-02,,999-25-2834,S99950797,X55919018X,Mrs.,Lynsey2,,Feeney44,,Glover433,M,asian,nonhispanic,F,Daegu  Daegu  KR,944 Klocko Spur Apt 86,Somerville,Massachusetts,Middlesex County,25017,02145,42.42695764417073,-71.1444429438959,270388.54,492586.20,121033,True,78.96235455167694,True
c0c6682a-11e3-4496-ce59-0e9929396f34,1963-02-01,,999-12-4719,S99954730,X28052730X,Mr.,Lynwood354,Tory770,Abernathy524,,,M,white,nonhispanic,M,Framingham  Massachusetts  US,1085 O'Reilly Extension,Boston,Massachusetts,Suffolk County,25025,02128,42.31170716699595,-71.0973959963116,120713.50,372842.63,74002,True,63.12662559890486,True
6db72ad7-1ec6-02fc-24db-af302006e386,1946-06-19,,999-22-5385,S99987568,X52149570X,Mr.,Mack300,Omar359,Gorczany269,,,S,white,nonhispanic,M,Webster  Massachusetts  US,651 Will Dale,Barre,Massachusetts,Worcester County,25027,01005,42.447945531246525,-72.15858147189245,190978.31,364705.44,152575,True,79.74811772758385,True
ce2630b9-5cfd-596a-4527-1c9dbf822c06,1963-06-10,,999-32-1492,S99954167,X32478145X,Mrs.,Magda24,,Wisozk929,,Labadie908,W,white,nonhispanic,F,Attleboro  Massachusetts  US,426 Krajcik Harbor Unit 4,Maynard,Massachusetts,Middlesex County,25017,01754,42.45724972132517,-71.48842231580218,318975.78,1219466.57,161858,True,62.77344284736482,True
88e16379-a0ce-6116-bdfb-8899bd44477a,1946-07-03,,999-92-8054,S99975280,X29628783X,Mr.,Malik994,Keneth579,Waters156,,,S,white,nonhispanic,M,Gardner  Massachusetts  US,1069 Morissette Crossroad,Boston,Massachusetts,Suffolk County,25025,02111,42.32683742611508,-70.96407374615548,246520.01,726655.62,198717,True,79.709787816564,True
7409b3ae-8595-dce7-4aa3-50a9205989d7,1951-02-16,,999-65-2748,S99943647,X23800721X,Mr.,Manuel446,,Barrera709,,,M,white,hispanic,M,Gaudalajara  Jalisco  MX,335 Gleichner Extension,Fairhaven,Massachusetts,Bristol County,,00000,41.67890995610757,-70.89221173098424,263667.68,206096.88,89482,True,75.08555783709788,True
cf33d965-2338-e565-fe36-3c6ec686cbad,1954-04-06,,999-12-2002,S99969799,X64208723X,Mr.,Marcel580,Virgil85,Terry864,,,M,black,nonhispanic,M,Cambridge  Massachusetts  US,315 Hegmann Ranch,Arlington,Massachusetts,Middlesex County,25017,02474,42.469348345540126,-71.14786054960085,164998.71,684694.28,132277,True,71.95071868583162,True
49299eb6-3b07-ba3a-b7a1-d50aebc101fe,1947-04-25,,999-86-4590,S99944297,X54785753X,Mr.,Maria750,,Kulas532,,,D,white,nonhispanic,M,Newton  Massachusetts  US,1089 Little Landing Unit 63,Manchester-by-the-Sea,Massachusetts,Essex County,,00000,42.57112747518899,-70.80438408610486,160850.81,78946.58,162603,True,78.89938398357289,True
8232315a-abdc-7e54-ce2b-ebc86ef63856,1951-02-26,,999-73-9462,S99922857,X22713682X,Mrs.,Marica887,Clementine778,Feil794,,Bogisich202,M,white,hispanic,F,Berkley  Massachusetts  US,272 Zboncak Junction,Boston,Massachusetts,Suffolk County,25025,02119,42.335475210809264,-71.08901729211749,122050.66,267215.85,88468,True,75.05817932922656,True
51f6d22c-281e-d846-2569-6b5e3f47a22b,1967-08-15,,999-71-6162,S99926723,X87425038X,Mr.,Marion502,Frances376,Legros616,,,M,white,nonhispanic,M,Shrewsbury  Massachusetts  US,1025 Kuhn Tunnel,Lynn,Massachusetts,Essex County,25009,01904,42.47457246342699,-70.94391818577091,111101.32,126414.32,43390,True,58.5927446954141,True
efc58312-4828-943c-d7f7-d5cd9d29bc16,1979-09-04,,999-37-4869,S99946319,X78137885X,Mrs.,Marita360,Jaunita130,VonRueden376,,Marks830,M,white,nonhispanic,F,Templeton  Massachusetts  US,217 Okuneva Fork Apt 35,Pittsfield,Massachusetts,Berkshire County,25003,01201,42.446284415663236,-73.24403525911488,11952.27,829058.03,17654,True,46.53798767967146,True
b48ad5b7-1576-fd91-209c-e1e1eadaf83e,1974-10-17,,999-76-6043,S99998461,X36380396X,Mr.,Mauricio81,Philip822,Wolff180,,,S,white,nonhispanic,M,Plymouth  Massachusetts  US,927 Mosciski Alley Apt 3,Natick,Massachusetts,Middlesex County,,00000,42.298203478885625,-71.31985910754742,138358.23,68149.63,109912,True,51.419575633128,True
ee8874ee-3e9f-0923-7528-2896c3911b92,1975-06-26,,999-56-3666,S99934709,X44532039X,Ms.,Maximina916,Emelina469,Reinger292,,,S,white,nonhispanic,F,Shrewsbury  Massachusetts  US,403 Cassin Club Unit 59,Cambridge,Massachusetts,Middlesex County,25017,02139,42.44214594003649,-71.09039768194259,72441.59,802290.88,36027,True,50.729637234770706,True
78647c52-55a2-2a69-942c-06c72f0eba9b,1953-08-20,,999-43-9826,S99997615,X86287439X,Mr.,Micheal721,Gaston250,Rohan584,,,S,white,nonhispanic,M,Malden  Massachusetts  US,811 Ziemann Quay,Wareham,Massachusetts,Plymouth County,,00000,41.80123593524837,-70.70595123823749,161714.56,273268.14,27673,True,72.57768651608487,True
db397b4d-1ed3-b44b-6615-b8d136ea1110,1980-06-06,,999-85-7134,S99968811,X83988772X,Mr.,Miguel815,Jimmy858,Beer512,,,M,white,nonhispanic,M,Plymouth  Massachusetts  US,619 Renner Port Unit 58,Attleboro,Massachusetts,Bristol County,25005,02703,41.93415647455819,-71.25278458058919,126008.56,617124.52,135181,True,45.782340862423,True
526e551b-774b-40ae-1e45-65bf7c815d20,1966-04-16,,999-32-5520,S99968865,X17762829X,Mr.,Milford485,Jess275,Emmerich580,,,M,white,nonhispanic,M,Norwood  Massachusetts  US,653 O'Connell Burg,Cambridge,Massachusetts,Middlesex County,25017,02141,42.39205828844504,-71.20060882063112,144727.64,687714.78,701688,True,59.9233401779603,True
5822309a-23ce-07a1-7f3a-facaa67159a5,1990-09-27,,999-69-1162,S99974613,X54482107X,Mrs.,Mireya881,,Dietrich576,,Hintz995,M,white,nonhispanic,F,Westborough  Massachusetts  US,1009 Morar Divide,Tewksbury,Massachusetts,Middlesex County,,00000,42.60914552098131,-71.23701588560564,99897.61,368526.12,185589,True,35.474332648870636,True
360453a3-5ddf-8c8a-e484-30bac8ae581d,1946-08-29,,999-62-5491,S99948992,X68177377X,Mrs.,Mollie266,Lauretta754,Corkery305,,Hodkiewicz467,M,white,nonhispanic,F,Randolph  Massachusetts  US,109 Kling Rapid,Lowell,Massachusetts,Middlesex County,25017,01851,42.62264232083635,-71.30853356052503,18604.95,1075696.53,17293,True,79.55373032169747,True
2adf7d33-bc87-552f-d580-f4c8c12d8895,1965-07-13,,999-92-8643,S99939382,X9754758X,Ms.,Mónica985,Graciela518,Medina536,,,S,white,hispanic,F,Lima  Lima Province  PE,802 Lueilwitz Burg,Holden,Massachusetts,Worcester County,,00000,42.39713392794885,-71.8467180754238,520339.90,232263.86,60597,True,60.681724845995895,True
bf903d5d-7255-264c-bcd6-77f056e4c4c3,1970-09-16,,999-56-5479,S99984477,X24517935X,Mr.,Mose244,Emmanuel930,Schaefer657,,,M,white,nonhispanic,M,Braintree  Massachusetts  US,889 Mraz Rapid,Lowell,Massachusetts,Middlesex County,25017,01854,42.625871130006146,-71.30011823979034,117774.25,300936.90,53449,True,55.50444900752909,True
17bc2196-5977-7a0f-fc7c-cb00b232932b,1969-05-13,,999-37-3876,S99927021,X48028041X,Mrs.,Nanette893,Marine542,Batz141,,Crona259,M,asian,nonhispanic,F,Yarmouth  Massachusetts  US,1029 Gleichner Rest,Lowell,Massachusetts,Middlesex County,25017,01850,42.63182198635189,-71.33242986415095,436622.91,494313.92,72190,True,56.84873374401095,True
e23323a5-5c21-56ab-d6e9-d246bb21ae32,1946-04-27,,999-72-7135,S99911922,X48224990X,Mr.,Napoleon578,Ernest565,Moen819,,,M,white,nonhispanic,M,Easton  Massachusetts  US,156 Feeney Row Suite 64,Amherst Center,Massachusetts,Hampshire County,,00000,42.36412183731979,-72.50505965976394,182290.18,171779.09,92872,True,79.89322381930185,True
ccd0ca16-850b-a065-117f-86a663f91bcd,1955-10-23,,999-95-8934,S99922124,X7677750X,Mr.,Nathanael908,,Hansen121,JD,,S,white,nonhispanic,M,Quincy  Massachusetts  US,1090 Gibson Light Suite 31,North Amherst,Massachusetts,Hampshire County,25015,01059,42.435487245940315,-72.49930737718002,121851.41,780432.54,175896,True,70.40383299110198,True
422fae36-7b33-0227-e965-ae09bd7a5369,1972-02-07,,999-54-5077,S99979659,X23571131X,Mr.,Ned189,Richard937,Breitenberg711,,,M,white,nonhispanic,M,South Amherst  Massachusetts  US,1060 Erdman Trailer,Ayer,Massachusetts,Middlesex County,25027,01434,42.58031457158549,-71.53724216576319,86631.74,117846.59,49664,True,54.110882956878854,True
c08267b8-72b4-9103-731a-53c15ea797eb,1964-01-16,,999-40-7839,S99966416,X49862110X,Mrs.,Nichole96,Arianne988,Cronin387,,Lakin515,D,white,nonhispanic,F,Pittsfield  Massachusetts  US,1093 Blanda Passage,Natick,Massachusetts,Middlesex County,,00000,42.2484782159773,-71.36226556259028,306885.76,52794.38,50634,True,62.171115674195754,True
d861bbe7-ad4d-a4e9-072d-9dcec75e1eab,1950-05-28,,999-98-4168,S99929591,X56626246X,Mrs.,Nicki254,,Lind531,,White193,D,white,nonhispanic,F,New Bedford  Massachusetts  US,582 Olson Center,Wakefield,Massachusetts,Middlesex County,25009,01940,42.499392415904765,-71.10447646021873,703531.31,454209.59,62618,True,75.80835044490075,True
bff3cec1-2c02-ea1f-b906-2b8c5c271c7f,1983-02-22,,999-26-6372,S99925079,X80285904X,Mr.,Norberto865,,Hodkiewicz467,,,M,white,nonhispanic,M,Quincy  Massachusetts  US,1098 Hand Run Suite 65,Everett,Massachusetts,Middlesex County,25017,02149,42.372898539060046,-71.07452078983495,77737.09,34584.31,199396,True,43.069130732375086,True
b3f6f86c-bf2c-6299-f1d1-ac13584a2122,1982-12-12,,999-23-8644,S99968051,X16696248X,Mr.,Numbers230,Bennett146,Stark857,,,M,white,hispanic,M,Arlington  Massachusetts  US,372 Heidenreich Route Suite 95,Adams,Massachusetts,Berkshire County,25003,01220,42.66872445138879,-73.07332863966867,104004.19,57525.40,34774,True,43.266255989048595,True
c848cd02-b245-0663-84c1-b8b3f0396f82,1946-12-01,,999-29-7745,S99998083,X52437095X,Mrs.,Olene159,Clemmie560,Considine820,,Cremin516,M,asian,nonhispanic,F,Chongqing  Chongqing Municipality  CN,965 Balistreri Key,Cambridge,Massachusetts,Middlesex County,25017,02139,42.38230333812583,-71.06966619418533,284236.34,459877.07,50712,True,79.29637234770705,True
01bd7d75-9405-280a-85da-953f723b86df,1974-05-21,,999-90-1618,S99958040,X65856063X,Mr.,Otha286,Jewel43,Ankunding277,,,M,white,nonhispanic,M,Montague  Massachusetts  US,1045 Hirthe Skyway Apt 48,Winchendon,Massachusetts,Worcester County,25027,01475,42.65050253667845,-72.05443192981078,15018.42,271942.92,20328,True,51.827515400410675,True
9661a432-4630-2cd9-142c-386845fae837,1957-09-26,,999-46-9582,S99967902,X19620283X,Mr.,Paul232,Francisco472,Tremblay80,,,M,white,nonhispanic,M,Fitchburg  Massachusetts  US,558 O'Connell Trafficway,Whitman,Massachusetts,Plymouth County,,00000,42.04733216768621,-70.93867701050462,27881.07,688721.72,22146,True,68.47638603696099,True
f72ca905-a6e4-e51e-0802-e1ede702ef60,1948-08-01,,999-44-6625,S99988037,X55259106X,Ms.,Paulita78,Loise968,Borer986,,,S,white,nonhispanic,F,Canton  Massachusetts  US,451 Gorczany Bay,East Harwich,Massachusetts,Barnstable County,25001,02645,41.713117561956196,-70.03417250161381,253703.44,718348.63,142962,True,77.6290212183436,True
2a801a9c-9341-ed04-0874-28b18899783f,1947-04-10,,999-14-8453,S99958222,X74241383X,Mrs.,Peggie783,Meghan514,Koch169,,Skiles927,D,black,nonhispanic,F,Worcester  Massachusetts  US,1021 Kuvalis Trace,Boston,Massachusetts,Suffolk County,25025,02122,42.38667602873593,-71.02268179198923,334408.82,1141538.67,134751,True,78.94045174537987,True
161e99ef-2a09-00a4-2f37-f53f5205a95f,1947-07-02,,999-65-4723,S99958585,X49707712X,Mr.,Peter292,Leonel449,Adams676,,,M,white,hispanic,M,Danvers  Massachusetts  US,186 Abernathy Hollow Apt 3,Springfield,Massachusetts,Hampden County,25013,01105,42.15836746654472,-72.53720799425798,191945.25,743347.83,76143,True,78.71321013004791,True
962b7e1c-3290-6d79-20e8-703cb5c5cb19,1946-06-09,,999-24-6031,S99996788,X56801966X,Mr.,Raleigh478,Cedric746,Ledner144,,,D,white,nonhispanic,M,Wenham  Massachusetts  US,1028 Gerhold Forge Apt 98,Barnstable,Massachusetts,Barnstable County,25001,02630,41.629376839539844,-70.4155058401412,202215.46,267083.04,933280,True,79.77549623545517,True
e5acf85f-aa1d-46f0-9812-673d81cdb8fa,1966-02-11,,999-52-5260,S99982055,X46994740X,Mr.,Randal152,Alfred550,Koch169,,,D,white,nonhispanic,M,Peabody  Massachusetts  US,913 Mitchell Wall,Dartmouth,Massachusetts,Bristol County,,00000,41.606492700332126,-70.92820019239906,71121.41,76549.56,27514,True,60.09856262833676,True
9ba4d434-0dc8-8ec0-cc36-3055c32f46bf,1947-11-18,,999-32-7267,S99945452,X21223270X,Mrs.,Ray930,Louis204,Wisoky380,,Larkin917,D,white,nonhispanic,F,Boston  Massachusetts  US,1093 Hyatt Light Suite 82,Wilmington,Massachusetts,Middlesex County,25017,01887,42.57703924543179,-71.15091700340828,419290.17,277731.11,78997,True,78.33264887063655,True
75245312-06e9-839b-093a-be68b3486393,1986-05-02,,999-59-2696,S99992070,X74212376X,Mrs.,Rebeca548,Guillermina633,Negrete68,,Rentería94,M,white,hispanic,F,Guatemala City  Guatemala  GT,1018 Bayer Highlands Unit 9,Methuen,Massachusetts,Essex County,25009,01844,42.70148747974532,-71.18151845592357,237065.31,424960.39,36860,True,39.879534565366185,True
a31eb0ed-ed60-061d-deb0-08cf274d76b4,1946-06-01,,999-19-5946,S99935794,X40141054X,Mr.,Reginald96,Tad831,Rau926,,,S,white,nonhispanic,M,Boston  Massachusetts  US,750 Bogan Way,Hinsdale,Massachusetts,Berkshire County,,00000,42.43547204869481,-73.13762670498484,261842.09,331570.29,126534,True,79.79739904175223,True
33c6a998-1b9c-bb04-84f1-edf86e6d0742,1979-08-13,,999-62-8165,S99942144,X89397702X,Mr.,Rene434,Cornelius968,Tremblay80,,,S,white,nonhispanic,M,Mansfield  Massachusetts  US,283 Schaden Bridge Apt 95,Swansea,Massachusetts,Bristol County,,00000,41.74659444874073,-71.18820744252481,84506.75,16443.00,40756,True,46.59822039698837,True
866d23e9-e369-2a73-7419-45cdb1373ce7,1969-08-22,,999-59-8542,S99915287,X29238724X,Mr.,Rhett759,,Davis923,,,S,white,nonhispanic,M,Springfield  Massachusetts  US,590 Walker Light,Ashland,Massachusetts,Middlesex County,,00000,42.23030437509439,-71.47113765324437,243131.93,616577.95,168647,True,56.57221081451061,True
e3a89d05-5df0-ed1e-fe35-cdc5522714b6,1946-04-17,,999-27-8961,S99966292,X55984319X,Mrs.,Rhona164,,Ullrich385,,Gislason620,M,white,nonhispanic,F,Springfield  Massachusetts  US,735 Cole Track,Framingham,Massachusetts,Middlesex County,25017,01702,42.24629196908442,-71.39258323964981,44736.13,1353045.37,7283,True,79.92060232717317,True
9baf531f-b710-9013-1c58-e5fb1ee86f0b,1968-01-15,,999-89-8993,S99913972,X70457552X,Mr.,Rigoberto443,Ryan260,Goldner995,JD,,D,white,nonhispanic,M,Needham  Massachusetts  US,896 Kautzer Lock,Hopedale,Massachusetts,Worcester County,25027,01747,42.13577661284477,-71.55063866262877,172515.98,20082.63,91706,True,58.17385352498289,True
b2f2573d-9ead-fc02-073a-6dc97972cc1b,1955-07-07,,999-97-6321,S99939901,X12317895X,Mrs.,Roselle682,Leslie90,Thiel172,,Howell947,M,white,hispanic,F,Haverhill  Massachusetts  US,291 Hane Throughway Unit 66,Boston,Massachusetts,Suffolk County,25025,02131,42.34088590958415,-71.13137877413737,378088.51,643414.89,55925,True,70.69952087611225,True
aed64267-2889-a60b-a3ea-07af32575de7,1962-08-04,,999-40-7505,S99924939,X44763651X,Mr.,Royce974,Bradley693,Pagac496,,,M,white,nonhispanic,M,Brockton  Massachusetts  US,471 Herman Gardens,Marshfield,Massachusetts,Plymouth County,25023,02050,42.07404264374867,-70.71358523901766,11421.55,139420.53,18637,True,63.62217659137577,True
9a325430-963a-21ee-8d53-7db887a549c1,1956-10-18,,999-45-5459,S99982572,X76106674X,Mr.,Ruben688,Vito638,Treutel973,,,M,white,nonhispanic,M,Springfield  Massachusetts  US,829 Green Row,Acushnet Center,Massachusetts,Bristol County,,00000,41.72036452599821,-70.87058240339078,163890.53,211337.72,55284,True,69.4154688569473,True
06d9b168-6ea1-82f4-043b-576aa738a3e7,1972-10-01,,999-51-4482,S99950689,X20020575X,Mr.,Samual455,,Wilderman619,,,M,black,nonhispanic,M,Chicopee  Massachusetts  US,588 Hills Wall,Haverhill,Massachusetts,Essex County,25009,01835,42.76950537419653,-71.12281712691954,133631.70,62167.45,178267,True,53.46201232032854,True
95bd778a-b5fa-87fb-516f-f0a9adeb6145,1947-07-15,,999-76-9511,S99974873,X46360798X,Ms.,Sasha806,Lillie543,Jast432,,,S,white,nonhispanic,F,Millis  Massachusetts  US,914 Renner Village,North Reading,Massachusetts,Middlesex County,,00000,42.534238816244155,-71.10132349067572,1031536.97,1805357.62,54960,True,78.6776180698152,True
dcf6df3b-69d0-eed5-cb61-26df03db8bb5,1946-12-30,,999-10-5882,S99965159,X87202069X,Mr.,Scotty190,Earnest658,Glover433,,,M,black,nonhispanic,M,Boston  Massachusetts  US,952 Beer Mission,Fitchburg,Massachusetts,Worcester County,25027,01420,42.6211396900917,-71.7985813572286,159088.66,239321.12,136200,True,79.21697467488022,True
0e205e2d-543b-28ab-6ca3-e0d6b67a0082,1992-08-23,,999-52-2694,S99940809,X29228739X,Ms.,Selena146,Joella167,Hartmann983,,,S,white,nonhispanic,F,Amherst  Massachusetts  US,973 Kertzmann Boulevard Apt 82,Malden,Massachusetts,Middlesex County,25017,02155,42.38244773981778,-71.08488306566889,643914.26,292418.41,55918,True,33.568788501026695,True
7d02c16d-3066-94e2-7aed-3d4c593206be,1947-08-29,,999-55-9331,S99960680,X42868469X,Ms.,Shantell717,Sherry479,Mertz280,,,S,white,nonhispanic,F,Springfield  Massachusetts  US,151 Konopelski Passage,Cambridge,Massachusetts,Middlesex County,25017,02139,42.397552087908785,-71.03198376893549,205089.13,358514.62,129013,True,78.55441478439425,True
fc4f8d65-df92-3302-adfe-bdeade79d8db,1966-11-06,,999-84-5277,S99937070,X47440042X,Mrs.,Shemeka786,,Abshire638,,Hermiston71,M,white,nonhispanic,F,Natick  Massachusetts  US,598 Upton Bay Apt 36,Amesbury,Massachusetts,Essex County,25009,01913,42.82746526971395,-70.98533861285567,248571.86,89207.36,82291,True,59.36481861738535,True
9e091bc7-3613-8bee-0c3a-6b9be1164869,1988-06-20,,999-84-1131,S99983862,X32393622X,Mrs.,Shemika942,Nichelle912,Hauck852,MD,VonRueden376,M,white,nonhispanic,F,Boston  Massachusetts  US,659 Stracke Glen Apt 62,Walpole,Massachusetts,Norfolk County,25021,02081,42.16973637336461,-71.30543912945866,427953.90,25372.07,92139,True,37.74401095140315,True
7ab26875-4ca5-dcad-97dc-44b2db15e3a3,1969-05-31,,999-79-7440,S99965193,X89328700X,Mrs.,Sherlyn657,Nora0,Terry864,,Considine820,M,white,nonhispanic,F,Orleans  Massachusetts  US,926 Walter Rest,Georgetown,Massachusetts,Essex County,,00000,42.69439707515415,-70.96414675152295,164517.89,1310107.38,32563,True,56.799452429842574,True
99149496-250b-e261-652a-a266c889f704,1965-03-20,,999-13-8290,S99963019,X51892781X,Mr.,Shirley182,Al123,Hintz995,,,D,white,nonhispanic,M,Beverly  Massachusetts  US,148 Walsh Trace,Arlington,Massachusetts,Middlesex County,25017,02474,42.44065732040443,-71.199085721858,161840.30,157227.47,51272,True,60.99657768651608,True
92b8982b-7361-08d7-4c72-6765895efcb4,1947-07-13,,999-75-8920,S99973794,X44089302X,Mr.,Stephan15,Freddie621,Dickens475,,,M,white,nonhispanic,M,Pittsfield  Massachusetts  US,326 Hahn Rue,Bolton,Massachusetts,Worcester County,,00000,42.399581712761,-71.61203278409717,157723.29,152816.92,664943,True,78.68309377138947,True
71387f9b-2a5b-a1d0-c801-b22135065499,1949-02-15,,999-45-1553,S99922000,X22502144X,Mr.,Steve819,,Gerlach374,,,S,asian,nonhispanic,M,North Reading  Massachusetts  US,484 Price Pathway,Stow,Massachusetts,Middlesex County,,00000,42.44642240932634,-71.47331402028624,100095.42,422635.95,196038,True,77.08692676249144,True
70ad0e6f-cb1d-337a-00e0-d2949579df57,1954-05-01,,999-35-2550,S99964565,X2622368X,Mrs.,Tania553,,Jaskolski867,,Lehner980,W,white,nonhispanic,F,Andover  Massachusetts  US,421 Raynor Path,Holyoke,Massachusetts,Hampden County,25013,01040,42.22152146749245,-72.68452461228645,17729.60,1130215.53,4380,True,71.88227241615331,True
5294281a-d0cd-41e8-3df4-b847444a5387,1989-03-11,,999-80-5476,S99918846,X64220837X,Mrs.,Taylor21,Thao506,Kertzmann286,,Predovic534,M,white,nonhispanic,F,Revere  Massachusetts  US,394 Stokes Way Unit 80,Dracut,Massachusetts,Middlesex County,,00000,42.6502348087828,-71.34648452467962,178352.85,551308.35,70182,True,37.021218343600275,True
bf8143a4-9a35-026f-9c4f-a713ab611149,1976-08-29,,999-53-7294,S99967381,X71312107X,Mrs.,Teofila990,Ashlea10,Pfannerstill264,,Zemlak964,M,black,nonhispanic,F,Cambridge  Massachusetts  US,256 Hoppe Way Suite 56,Leominster,Massachusetts,Worcester County,25027,01420,42.5126465155863,-71.77428238034106,571094.67,434301.73,61003,True,49.5523613963039,True
74b341dc-014c-a7eb-82b5-ca257241321c,1947-03-23,,999-89-3363,S99935830,X46394974X,Mr.,Thad495,Jason347,Heathcote539,,,D,white,nonhispanic,M,Uxbridge  Massachusetts  US,1070 Moore Spur Apt 32,Lawrence,Massachusetts,Essex County,25009,01841,42.711935537256196,-71.16846133888566,106576.19,1013244.54,61356,True,78.98973305954826,True
2f6a8fd0-a41d-4cac-822d-32f97963ff19,1981-08-25,,999-44-3918,S99970694,X54608322X,Mr.,Tomas436,Josh874,Larson43,,,S,white,nonhispanic,M,Amherst Center  Massachusetts  US,251 Donnelly Overpass Unit 91,Sharon,Massachusetts,Norfolk County,25021,02067,42.1109248676785,-71.16823407368223,355487.63,323637.15,98478,True,44.563997262149215,True
e0f9ab9a-63cf-0e4f-9b42-add8796a21cd,1947-06-29,,999-94-4202,S99935084,X15332368X,Mr.,Tony646,Carol737,Windler79,,,M,white,nonhispanic,M,North Andover  Massachusetts  US,383 Mann Avenue,Peabody,Massachusetts,Essex County,25009,01940,42.5317804599041,-70.99523884941549,199121.82,580456.56,141265,True,78.72142368240931,True
b3c16e91-a0e8-ba07-8ad4-de0dd5629afe,1953-09-16,,999-43-1156,S99965139,X26718981X,Ms.,Tracie996,Darby868,Fahey393,,,S,white,nonhispanic,F,Ashburnham  Massachusetts  US,373 Feest Fork,Northbridge,Massachusetts,Worcester County,,00000,42.10688560996148,-71.65191533411236,55177.48,1350951.26,20811,True,72.50376454483231,True
a85c2a2c-d980-b293-d225-1e3627c4223d,1961-03-04,,999-68-9395,S99995254,X30352788X,Mr.,Valentine262,,Christiansen251,,,D,white,nonhispanic,M,Hingham  Massachusetts  US,619 Gusikowski Mall,Bellingham,Massachusetts,Norfolk County,25021,02019,42.10150704937627,-71.45403619108158,56695.43,158871.83,184946,True,65.0403832991102,True
757aa994-5ced-0c4e-89e9-18d47741da25,1946-04-11,,999-78-5404,S99998365,X60350842X,Mrs.,Vicki422,Karon907,Kiehn525,,Stracke611,D,white,nonhispanic,F,Chicopee  Massachusetts  US,546 Lebsack Plaza,Buckland,Massachusetts,Franklin County,,00000,42.62895409981638,-72.83143080504966,159894.49,460963.38,23961,True,79.93702943189597,True
7326b419-eecb-b324-3d22-2970721356ad,1958-08-28,,999-34-5314,S99916870,X4004891X,Mr.,Vito638,Roberto515,Botsford977,,,M,asian,nonhispanic,M,Hanoi  Hà Đông  VN,1032 Kshlerin Neck,Lynnfield,Massachusetts,Essex County,25009,01940,42.55452954158478,-71.02876109109285,113462.15,395453.64,140330,True,67.5564681724846,True
3fc85581-2641-e739-8769-b5ca7ea25e74,1964-03-04,,999-42-3902,S99980474,X46316274X,Mr.,Weldon459,,Cartwright189,,,S,white,nonhispanic,M,North Attleborough  Massachusetts  US,305 Feil Row Suite 86,Medway,Massachusetts,Norfolk County,,00000,42.202339757143655,-71.38210101076028,201456.97,476902.39,197423,True,62.039698836413415,True
aa0d1dbd-0cd7-0903-bb92-17176e84e9f5,1947-02-18,,999-27-3512,S99948426,X29066627X,Mr.,Wilbur107,Harris789,Bergstrom287,,,D,white,nonhispanic,M,West Springfield  Massachusetts  US,120 Rempel Rapid,Norfolk,Massachusetts,Norfolk County,,00000,42.15200175901743,-71.37288915164265,163488.90,259637.26,176404,True,79.08008213552361,True
8a7009ab-4a1d-f584-3a35-0cdbbc513f2c,1959-10-16,,999-55-1587,S99953938,X14227292X,Mr.,Williams176,,Collier206,,,S,white,nonhispanic,M,Oak Bluffs  Massachusetts  US,481 Considine Track,Lawrence,Massachusetts,Essex County,25009,01841,42.65194291752708,-71.14163470713699,349691.51,189016.66,49499,True,66.42299794661191,True
583ab65e-8262-f764-96b4-8ec18cc960e3,1978-02-22,,999-74-4478,S99973860,X55493795X,Mr.,Yong583,Rickey821,Goldner995,,,M,hawaiian,hispanic,M,Boston  Massachusetts  US,773 Morissette Loaf Unit 22,Salem,Massachusetts,Essex County,25009,01907,42.50617804192422,-70.89656379650084,86300.39,33944.22,109569,True,48.068446269678304,True
908a33e6-c215-65c3-3573-d6b3723daeb2,1968-03-20,,999-38-4898,S99933541,X27834718X,Ms.,Zelma45,Gertude950,Altenwerth646,,,S,white,nonhispanic,F,Ashburnham  Massachusetts  US,886 Rogahn Burg,Quincy,Massachusetts,Norfolk County,25021,02169,42.26835603842483,-71.0349727181366,529851.81,724484.09,85747,True,57.9958932238193,True
